title,id
2021-02,227787
action-plans,237611
acumatica,269093
admin,33
admin-messaging,66668
ann,23566
announcements,84501
api,83
architect,49
article:faq,17
article:howto,1
article:reference,5
article:release,13
article:topic,6
article:topic-category,3
article:topic-guide,4
article:tutorial,25
Assemble,3065
asta,106
azure-idp,10279
bidding,35
bluebeam,9994
box,69
budget,37
busybusy,5035
cell phone,42485
change-events,95
change-orders,39
CIMB Videos,69682
client-contracts,289631
commitments,38
commodore,15726
coordination-issues,50875
correspondence,137471
crews,26346
Customer Testimonials,69683
custom-solutions,87324
daily-log,44
dashboard-mobile,147882
defect-list,58198
deprecated,87
direct-costs,101
directory,30
documents,24
docusign,9239
drawings,46
emails,34
engineer,50
erp,54
expense report,38223
extracts,18073
faq,14
forms,22032
fr-ca,24260
funding,289755
GP Strategy Form,38105
Gym,38899
Health Club,38900
home,72
incidents,17707
inspections,57
instructions,58424
integration-bidding,227790
integration-document-management,108586
international,42482
invoices,62475
invoicing,64658
isqft,4964
language:en-au,36516
language:en-us,35071
language:fr-ca,35091
locations,3809
meetings,43
mileage,38222
mobile phone,42484
mobile-android,76
mobile-ios,75
models,74329
mri-projfin,272874
ms-project,67
mycoi,3167
my-time,23105
observations,97
okta-idp,10270
owner,48
oxblue,71
permissions,111811
photos,45
planroom,63
portfolio,27
portfolio-financials,126099
portfolio-financials-budget,163402
portfolio-financials-cost-tracker,156646
portfolio-financials-dashboard,167613
portfolio-financials-milestones,156652
portfolio-financials-project-page,156598
Pre-Construction,47706
prequalification-portal,115327
prequalifications,115135
primavera,68
prime-contract,36
procore-connect,5926
procore-drive,74
procore-extracts,90430
procore-imports,79732
procore-sync,6510
proest,70
program,60962
programs,92
progress-billings,293015
project,113
Project Number,38101
Project Number Request,38103
project-administrator,52
project-manager,21
Prospect Number,38102
Prospect Number Request,38104
punch-list,42
quickbooks,107
ready-to-translate:no,292103
ready-to-translate:yes,293269
reports,31
rfi,23
ryvit,59613
sage-100,50042
sage-300-cre,54738
sage-intacct,265874
sandbox,91
Scenario Author,59363
Scenario Training Center,59361
schedule,29
sensera,2696
site-diary,59066
skilljar,90
specifications,94
spectrum,7358
sso,99
stage:deprecated,56
stage:draft,2
stage:final,8028
stage:published,60
stage:publish-ready,12
stage:review,20738
stage:review-final,86
stage:review-sme,58
stage:stub,7359
STC,59362
subcontractor,22
submittals,40
superintendent,51
superuser,78
tasks,21795
tenders,59098
timecard,28
timesheets,21540
tm-tickets,137451
training-center,961
transmittals,41
travel,42483
truelook,2772
tutorial,26
tutorials,59113
v1-workflows,276063
vista-by-viewpoint,21293
windows-app,41386
workflow,6584
workflows,32
workforce-planning,325448
yardi-projfin,250910